Genus,Genus taxid,16S gene count
Acaryochloris,155977,2.0
Acetoanaerobium,186831,6.0
Acetobacter,434,5.0
Acetobacterium,33951,5.0
Acetohalobium,28186,5.0
Acetomicrobium,49894,2.0
Acholeplasma,2147,2.0
Achromobacter,222,3.0
Acidaminococcus,904,4.5
Acidianus,12914,1.0
Acidiferrobacter,986106,1.0
Acidihalobacter,1765964,1.0
Acidilobus,105850,1.0
Acidimicrobium,53634,2.0
Acidiphilium,522,2.0
Acidipropionibacterium,1912215,4.0
Acidisphaera,50714,1.0
Acidithiobacillus,119977,2.0
Acidobacterium,33973,1.0
Acidothermus,28048,1.0
Acidovorax,12916,3.0
Aciduliprofundum,379546,1.0
Acinetobacter,469,6.0
Actinoalloteichus,65496,3.0
Actinobacillus,713,6.0
Actinomyces,1654,3.0
Actinoplanes,1865,6.0
Actinopolyspora,1849,5.0
Actinosynnema,40566,5.0
Actinotignum,1653174,2.5
Adlercreutzia,447020,2.0
Advenella,290425,2.0
Aequorivita,153265,2.0
Aeribacillus,1055323,7.0
Aerococcus,1375,4.0
Aeromicrobium,2040,2.0
Aeromonas,642,10.0
Agarilytica,2036021,3.0
Agarivorans,261825,7.0
Aggregatibacter,416916,6.0
Agrobacterium,357,4.0
Agromyces,33877,2.5
Ahniella,2233801,2.0
Akkermansia,239934,3.0
Alcaligenes,507,3.0
Alcanivorax,59753,2.0
Algibacter,261827,2.0
Algoriphagus,246875,3.0
Alicycliphilus,201096,3.0
Alicyclobacillus,29330,6.0
Aliiarcobacter,2321111,5.0
Aliivibrio,511678,12.0
Alistipes,239759,2.0
Alkalilimnicola,133193,2.0
Alkaliphilus,114627,9.0
Alkalitalea,1193324,4.0
Alloactinosynnema,674734,3.0
Allochromatium,85072,3.0
Allofrancisella,1869285,3.0
Altererythrobacter,361177,1.0
Alteromonas,226,5.0
Aminobacter,31988,2.0
Aminobacterium,81466,3.0
Ammonifex,42837,2.0
Amphibacillus,29331,6.0
Amycolatopsis,1813,4.0
Anabaena,1163,5.0
Anabaenopsis,110103,4.0
Anaerococcus,165779,3.5
Anaerolinea,233189,2.0
Anaeromyxobacter,161492,2.0
Anaerostipes,207244,9.0
Anaerotignum,2039240,7.0
Anaplasma,768,1.0
Anderseniella,444432,1.0
Aneurinibacillus,55079,14.0
Anoxybacillus,150247,9.0
Antarctobacter,74032,2.0
Aphanizomenon,1175,5.0
Aquabacterium,92793,4.0
Aquaspirillum,187,5.0
Aquifex,2713,4.0
Aquimarina,290174,3.0
Arachidicoccus,1769012,1.0
Arcanobacterium,28263,4.0
Archaeoglobus,2233,1.0
Archangium,47,3.0
Arcobacter,28196,4.0
Arcticibacterium,2173039,2.0
Arenibacter,178469,3.0
Aromatoleum,551759,4.0
Arsenicicoccus,267408,2.0
Arsenophonus,637,1.0
Arthrobacter,1663,6.0
Arthrospira,35823,2.0
Asaia,91914,5.0
Asticcacaulis,76890,3.0
Atopobium,1380,1.0
Aurantimicrobium,1705353,1.0
Aureimonas,414371,1.0
Aureitalea,1176327,2.0
Auricoccus,2005363,4.0
Auritidibacter,1160973,2.0
Austwickia,1184606,2.0
Azoarcus,12960,4.0
Azorhizobium,6,3.0
Azospira,146937,2.0
Azospirillum,191,9.0
Azotobacter,352,6.0
Bacillus,1386,10.0
Bacterioplanes,1537406,4.0
Bacteriovorax,146784,2.0
Bacteroides,816,5.5
Barnesiella,397864,5.0
Bartonella,773,2.0
Basfia,697331,6.0
Basilea,1472344,3.0
Bdellovibrio,958,1.5
Beggiatoa,1021,2.0
Beijerinckia,532,3.0
Belliella,232244,4.0
Bernardetia,1937972,3.0
Beutenbergia,84756,2.0
Bibersteinia,476528,6.0
Bifidobacterium,1678,3.0
Blastochloris,59282,3.0
Blastococcus,38501,3.0
Blastomonas,150203,2.0
Blastopirellula,265487,2.0
Blattabacterium,34098,1.0
Blautia,572511,5.0
Bordetella,517,3.0
Borrelia,138,1.0
Borreliella,64895,1.0
Bosea,85413,2.0
Brachybacterium,43668,3.0
Brachyspira,29521,1.0
Bradymonas,1779136,5.0
Bradyrhizobium,374,1.0
Brenneria,71655,7.0
Breoghania,1406135,2.0
Brevefilum,2019482,1.0
Brevibacillus,55080,14.0
Brevibacterium,1696,4.0
Brevundimonas,41275,2.0
Brochothrix,2755,9.0
Brucella,234,3.0
Buchnera,32199,1.0
Burkholderia,32008,4.0
Butyrivibrio,830,5.0
Caldanaerobacter,249529,4.0
Caldicellulosiruptor,44000,3.0
Caldilinea,233191,2.0
Caldimicrobium,444090,1.0
Caldisericum,693074,1.0
Caldisphaera,200414,1.0
Calditerrivibrio,545865,2.0
Caldithrix,187144,1.0
Caldivirga,76886,1.0
Calothrix,1186,4.0
Campylobacter,194,3.0
Candidatus Accumulibacter,327159,2.0
Candidatus Amoebophilus,281119,1.0
Candidatus Arthromitus,49082,5.0
Candidatus Atelocyanobacterium,1453359,2.0
Candidatus Azobacteroides,511434,2.0
Candidatus Babela,1551504,1.0
Candidatus Bipolaricaulis,2250122,1.0
Candidatus Blochmannia,203804,1.0
Candidatus Cardinium,273135,1.0
Candidatus Carsonella,114185,1.0
Candidatus Cloacimonas,456826,2.0
Candidatus Desulforudis,471826,2.0
Candidatus Doolittlea,1906657,1.0
Candidatus Endolissoclinum,1263978,1.0
Candidatus Evansia,1495768,1.0
Candidatus Fokinia,1802983,1.0
Candidatus Fonsibacter,2045213,1.0
Candidatus Gullanella,1906661,1.0
Candidatus Hamiltonella,568987,3.0
Candidatus Hoaglandella,1906659,1.0
Candidatus Ishikawaella,409304,3.0
Candidatus Izimaplasma,1912503,1.0
Candidatus Kinetoplastibacterium,33055,3.0
Candidatus Korarchaeum,498845,1.0
Candidatus Koribacter,658061,1.0
Candidatus Kuenenia,380738,1.0
Candidatus Methanomethylophilus,1291539,1.0
Candidatus Methanoplasma,1607807,1.0
Candidatus Methylopumilus,1679002,1.5
Candidatus Midichloria,411566,1.0
Candidatus Mikella,1906660,1.0
Candidatus Moranella,1048757,1.0
Candidatus Nanopelagicus,2039639,1.0
Candidatus Nasuia,1301080,1.0
Candidatus Nitrosocaldus,498374,1.0
Candidatus Nitrosocosmicus,1826864,2.0
Candidatus Nitrosoglobus,1980513,2.0
Candidatus Nitrosomarinus,1993653,1.0
Candidatus Nitrosopelagicus,1593364,1.0
Candidatus Nitrosotalea,1078904,1.0
Candidatus Nitrosotenuis,1825023,1.0
Candidatus Nucleicultrix,1509243,2.0
Candidatus Paracaedibacter,1521255,2.0
Candidatus Pelagibacter,198251,1.0
Candidatus Phycorickettsia,2115980,1.0
Candidatus Phytoplasma,33926,2.0
Candidatus Planktophila,622681,1.0
Candidatus Portiera,235572,1.0
Candidatus Profftella,1381133,1.0
Candidatus Promineofilum,1988031,1.0
Candidatus Protochlamydia,282132,4.0
Candidatus Puniceispirillum,767891,1.0
Candidatus Purcelliella,472825,1.0
Candidatus Riesia,401618,2.0
Candidatus Ruthia,1541743,1.0
Candidatus Solibacter,332162,2.0
Candidatus Sulcia,336809,1.0
Candidatus Symbiobacter,1436289,2.0
Candidatus Tachikawaea,1682492,3.0
Candidatus Thioglobus,655184,1.0
Candidatus Tremblaya,189384,2.0
Candidatus Vidania,1191175,1.0
Candidatus Walczuchella,1940138,1.0
Candidatus Xiphinematobacter,134550,1.0
Capnocytophaga,1016,4.0
Carboxydocella,178898,5.0
Carboxydothermus,129957,4.0
Carnobacterium,2747,8.0
Castellaniella,359336,2.0
Catenovulum,1172191,7.0
Catenulispora,414878,3.0
Caulobacter,75,2.0
Cedecea,158483,7.0
Celeribacter,875170,2.0
Cellulomonas,1707,2.0
Cellulophaga,104264,4.0
Cellulosilyticum,698776,11.0
Cellulosimicrobium,157920,3.0
Cellvibrio,10,3.0
Chania,1745211,7.0
Chelativorans,449972,2.0
Chelatococcus,28209,2.0
Chitinophaga,79328,5.0
Chlamydia,810,2.0
Chloracidobacterium,458032,1.0
Chlorobaculum,256319,2.0
Chlorobium,1091,2.0
Chloroflexus,1107,3.0
Chloroherpeton,100715,1.0
Chondrocystis,268175,3.0
Chondromyces,50,3.0
Christensenella,990721,3.0
Chromobacterium,535,8.0
Chromohalobacter,42054,5.0
Chroococcidiopsis,54298,3.0
Chryseobacterium,59732,6.0
Chthoniobacter,295577,1.0
Citrobacter,544,8.0
Citromicrobium,72173,1.0
Clavibacter,1573,2.0
Cloacibacillus,508459,5.0
Clostridioides,1870884,12.0
Clostridium,1485,9.0
Cnuibacter,1759331,2.0
Cobetia,204286,7.0
Collimonas,202907,3.0
Collinsella,102106,5.0
Colwellia,28228,6.0
Comamonas,283,4.0
Conexibacter,191494,1.0
Confluentimicrobium,1609958,2.0
Coprothermobacter,68335,2.0
Coraliomargarita,442430,2.0
Corallococcus,83461,3.0
Coriobacterium,33870,2.0
Corynebacterium,1716,4.0
Coxiella,776,1.0
Crinalium,241421,4.0
Croceibacter,216431,2.0
Croceicoccus,1295327,1.5
Cronobacter,413496,7.0
Cryobacterium,69578,3.0
Cryptobacterium,84162,3.0
Cuniculiplasma,1747777,1.0
Cupriavidus,106589,5.0
Curtobacterium,2034,3.0
Cutibacterium,1912216,3.0
Cyanobacterium,102234,3.0
Cyanobium,167375,2.5
Cyanospira,165798,4.0
Cyanothece,43988,2.0
Cyclobacterium,68288,3.5
Cycloclasticus,34067,1.0
Cystobacter,42,4.0
Cytophaga,978,3.0
Dactylococcopsis,13034,3.0
Dechloromonas,73029,3.5
Deferribacter,53572,2.0
Defluviimonas,1097466,2.0
Defluviitoga,1511648,3.0
Dehalobacter,56112,3.0
Dehalobacterium,51514,5.0
Dehalococcoides,61434,1.0
Dehalogenimonas,670486,1.0
Deinococcus,1298,3.0
Delftia,80865,5.0
Denitrobacterium,79603,3.0
Denitrovibrio,117999,2.0
Dermabacter,36739,3.0
Dermacoccus,57495,3.0
Dermatophilus,1862,3.0
Desulfallas,2282740,8.0
Desulfarculus,453229,1.0
Desulfatibacillum,218207,2.0
Desulfitobacterium,36853,6.0
Desulfobacca,60892,1.0
Desulfobacterium,2295,6.0
Desulfobacula,28222,4.0
Desulfobulbus,893,2.0
Desulfocapsa,53318,3.0
Desulfococcus,896,3.0
Desulfofarcimen,2282742,10.0
Desulfohalobium,45662,2.0
Desulfomicrobium,898,2.0
Desulfomonile,2357,1.0
Desulfosporosinus,79206,9.0
Desulfotalea,109168,7.0
Desulfotomaculum,1562,8.0
Desulfovibrio,872,3.5
Desulfurella,33001,2.0
Desulfurispirillum,393029,3.0
Desulfurivibrio,427922,2.0
Desulfurobacterium,64159,2.0
Desulfurococcus,2273,1.0
Desulfuromonas,890,2.0
Devosia,46913,2.0
Devriesea,472568,2.0
Dialister,39948,5.0
Diaphorobacter,238749,3.0
Dichelobacter,869,3.0
Dickeya,204037,7.0
Dictyoglomus,13,2.0
Dietzia,37914,3.0
Dinoroseobacter,309512,2.0
Dokdonella,323413,2.0
Dokdonia,326319,3.0
Dolichospermum,748770,5.0
Draconibacterium,1471399,2.0
Dyadobacter,120831,4.0
Dyella,231454,2.0
Echinicola,390846,4.0
Ectothiorhodospira,1051,2.0
Edwardsiella,635,8.0
Eggerthella,84111,3.0
Ehrlichia,943,1.0
Eikenella,538,4.0
Elizabethkingia,308865,5.0
Elusimicrobium,423604,1.0
Endomicrobium,1408194,1.0
Ensifer,106591,4.0
Enterobacter,547,8.0
Enterococcus,1350,6.0
Entomoplasma,46238,1.5
Epibacterium,1649279,4.0
Erwinia,551,7.0
Erysipelothrix,1647,5.0
Erythrobacter,1041,1.0
Escherichia,561,7.0
Ethanoligenens,253238,3.0
Eubacterium,1730,5.0
Euzebya,908623,2.0
Exiguobacterium,33986,9.0
Ezakiella,1582879,2.0
Faecalibacterium,216851,6.0
Faecalibaculum,1729679,14.0
Fastidiosipila,236752,2.0
Fermentimonas,1784836,2.0
Ferrimonas,44011,7.0
Ferroglobus,54260,1.0
Ferroplasma,74968,1.0
Fervidobacterium,2422,2.0
Fibrella,861914,3.0
Fibrobacter,832,3.0
Fictibacillus,1329200,7.0
Filifactor,44259,4.0
Filimonas,649460,5.0
Filomicrobium,119044,1.0
Fimbriimonas,1005038,2.0
Finegoldia,150022,4.0
Fischerella,1190,4.0
Flagellimonas,444459,2.0
Flammeovirga,59739,8.0
Flavisolibacter,398041,3.0
Flavivirga,1209327,2.0
Flavobacterium,237,5.0
Flavonifractor,946234,2.0
Flexistipes,2351,2.0
Fluviicola,332102,2.0
Formosa,225842,2.0
Francisella,262,3.0
Frankia,1854,2.0
Frateuria,70411,4.0
Frischella,1335631,4.0
Frondihabitans,447237,2.0
Fuerstia,1936111,2.0
Fusobacterium,848,5.0
Gallaecimonas,745410,6.0
Gallibacterium,155493,6.0
Gallionella,96,3.0
Gardnerella,2701,2.0
Geitlerinema,63132,3.0
Gemella,1378,4.0
Geminocystis,669357,3.0
Gemmata,113,4.0
Gemmatimonas,173479,1.5
Gemmatirosa,1706036,2.0
Gemmobacter,204456,3.0
Geoalkalibacter,392332,3.0
Geobacillus,129337,10.0
Geobacter,28231,2.0
Geodermatophilus,1860,3.0
Geoglobus,190818,1.0
Geosporobacter,390805,11.0
Gibbsiella,929812,7.0
Gilliamella,1193503,4.0
Glaciecola,89404,4.5
Glaesserella,2094023,6.0
Gloeobacter,33071,1.0
Gloeocapsa,102231,2.0
Gluconacetobacter,89583,4.0
Gluconobacter,441,4.5
Glutamicibacter,1742989,6.0
Gordonia,2053,3.0
Gordonibacter,644652,2.0
Gottschalkia,1505664,6.0
Gramella,292691,3.0
Granulibacter,364409,3.0
Granulicella,940557,1.0
Granulosicoccus,437504,3.0
Grimontia,246861,9.0
Gynuella,1445504,4.0
Haematospirillum,1804663,5.0
Haemophilus,724,6.0
Hafnia,568,8.0
Hahella,158481,5.0
Halalkalicoccus,332246,1.0
Halanaeroarchaeum,1656823,1.0
Halanaerobium,2330,4.0
Haliangium,162027,2.0
Halioglobus,1217416,2.0
Haliscomenobacter,2349,2.0
Haloarcobacter,2321115,4.0
Haloarcula,2237,3.0
Halobacillus,45667,7.0
Halobacteriovorax,1652133,2.0
Halobacterium,2239,1.0
Halobacteroides,42417,5.0
Halobiforma,203193,3.0
Halococcus,2249,2.0
Halocynthiibacter,1579315,3.0
Halodesulfurarchaeum,1980514,1.0
Haloferax,2251,2.0
Halogeometricum,60846,2.0
Halohasta,1450140,2.0
Halomicrobium,203135,3.0
Halomicronema,170610,2.0
Halomonas,2745,6.0
Halopenitus,1209988,2.0
Halopiger,387342,3.0
Haloplanus,376170,2.0
Haloquadratum,293431,2.0
Halorhabdus,146825,1.0
Halorhodospira,85108,2.0
Halorientalis,1073987,2.0
Halorubrum,56688,2.5
Halosimplex,171163,2.0
Halostagnicola,353799,2.0
Halotalea,376488,6.0
Haloterrigena,121871,2.5
Halothece,76023,3.0
Halothermothrix,32636,4.0
Halothiobacillus,109262,2.0
Hartmannibacter,1572860,2.0
Helicobacter,209,2.0
Heliobacterium,2697,10.0
Herbaspirillum,963,3.0
Herbinix,1663717,4.0
Herminiimonas,303379,2.0
Hippea,84404,2.0
Hirschia,2723,2.0
Histophilus,214906,5.0
Hoeflea,274591,1.0
Hoyosella,697025,3.0
Humibacter,427753,2.0
Hungateiclostridium,2304692,4.0
Hydrogenobacter,939,1.0
Hydrogenobaculum,168657,2.0
Hydrogenophaga,47420,2.0
Hydrogenovibrio,28884,3.0
Hydromonas,1910924,4.0
Hymenobacter,89966,3.0
Hyperthermus,54247,1.0
Hyphomicrobium,81,1.0
Hyphomonas,85,1.0
Ichthyobacterium,1755829,1.0
Idiomarina,135575,4.0
Ignavibacterium,795750,1.0
Ignicoccus,54258,1.0
Ilyobacter,167639,8.0
Immundisolibacter,1934947,1.0
Intestinimonas,1392389,2.0
Intrasporangium,53357,2.0
Isoptericola,254250,3.5
Isosphaera,127,3.0
Janibacter,53457,2.0
Jannaschia,188905,1.0
Janthinobacterium,29580,8.0
Jeongeupia,885864,5.0
Jeotgalibaca,1470540,6.0
Jeotgalibacillus,157226,9.0
Jonesia,43673,5.0
Kamptonema,1501433,1.0
Kangiella,261963,2.0
Ketobacter,2025617,3.0
Ketogulonicigenium,92944,5.0
Kibdelosporangium,2029,3.0
Kineococcus,33981,4.0
Kingella,32257,4.0
Kiritimatiella,1921784,1.0
Kitasatospora,2063,9.0
Klebsiella,570,8.0
Kluyvera,579,7.0
Kocuria,57493,3.0
Komagataeibacter,1434011,5.0
Kordia,221065,3.0
Kosakonia,1330547,7.0
Kosmotoga,651456,2.0
Kozakia,153497,5.0
Kribbella,182639,2.0
Kurthia,1649,9.0
Kushneria,504090,4.0
Kutzneria,43356,3.0
Kyrpidia,1129704,5.0
Kytococcus,57499,2.0
Labilithrix,1524217,4.0
Labrenzia,478070,3.0
Laceyella,292635,12.0
Lachnoclostridium,1506553,5.0
Lacimicrobium,1751872,4.0
Lacinutrix,291183,2.0
Lactobacillus,1578,5.0
Lactococcus,1357,6.0
Lacunisphaera,1961799,1.0
Laribacter,168470,7.0
Lawsonella,1847725,2.0
Lawsonia,41707,2.0
Leadbetterella,319458,3.0
Leclercia,83654,8.0
Legionella,445,3.0
Leifsonia,110932,1.0
Leisingera,191028,5.0
Lelliottia,1330545,8.0
Leminorella,82980,7.0
Lentibacillus,175304,6.0
Lentzea,165301,5.0
Leptolyngbya,47251,3.0
Leptonema,32205,2.0
Leptospira,171,2.0
Leptospirillum,179,2.0
Leptothrix,88,2.0
Leptotrichia,32067,5.0
Leuconostoc,1243,4.0
Liberibacter,34019,3.0
Limnobaculum,2172100,7.0
Limnochorda,1676651,2.0
Limnohabitans,665874,2.5
Listeria,1637,6.0
Lonsdalea,1082702,7.0
Luteibacter,242605,2.0
Luteimonas,83614,1.5
Luteipulveratus,745364,2.0
Luteitalea,2004797,1.0
Lutibacter,358023,2.0
Lysinibacillus,400634,12.0
Lysobacter,68,2.0
Macrococcus,69965,5.0
Mageeibacillus,1637257,2.0
Magnetococcus,162171,3.0
Magnetospira,1182780,2.0
Magnetospirillum,13134,2.0
Mahella,252965,3.0
Malacobacter,2321114,6.0
Mannheimia,75984,6.0
Maribacter,252356,2.0
Maricaulis,74317,2.0
Marichromatium,85076,3.0
Mariniflexile,527198,2.0
Marinilactibacillus,191769,4.0
Marinithermus,186191,3.0
Marinitoga,160798,3.0
Marinobacter,2742,3.0
Marinobacterium,48075,6.0
Marinomonas,28253,8.0
Marinovum,367771,2.0
Mariprofundus,377315,1.5
Maritalea,623276,2.0
Maritimibacter,404235,1.0
Marivirga,869806,2.0
Marivivens,1759396,3.0
Martelella,293088,3.0
Massilia,149698,7.0
Megamonas,158846,5.0
Megasphaera,906,7.0
Meiothermus,65551,2.0
Melaminivora,1649468,3.0
Melioribacter,1134403,1.0
Melissococcus,33969,4.0
Melittangium,44,4.0
Mesoplasma,46239,2.0
Mesorhizobium,68287,2.0
Mesotoga,1184396,2.0
Metallosphaera,41980,1.0
Methanobacterium,2160,2.0
Methanobrevibacter,2172,2.0
Methanocaldococcus,196118,2.0
Methanocella,570266,2.5
Methanococcoides,2225,3.0
Methanococcus,2184,3.0
Methanocorpusculum,2192,3.0
Methanoculleus,45989,1.0
Methanohalobium,2321,2.0
Methanohalophilus,2175,2.0
Methanolacinia,230355,2.0
Methanolobus,2220,3.0
Methanomassiliicoccus,1080709,1.0
Methanomethylovorans,101191,2.0
Methanoregula,395331,1.0
Methanosalsum,196136,3.0
Methanosarcina,2207,3.0
Methanosphaera,2316,3.0
Methanosphaerula,475087,3.0
Methanospirillum,2202,4.0
Methanothermobacter,145260,2.0
Methanothermococcus,155862,2.0
Methanothermus,2179,2.0
Methanothrix,2222,1.5
Methanotorris,196119,2.0
Methylacidiphilum,511745,1.0
Methylibium,316612,1.0
Methylobacillus,404,2.0
Methylobacterium,407,5.5
Methyloceanibacter,1484898,1.0
Methylocella,120652,2.0
Methylococcus,413,2.0
Methylocystis,133,1.5
Methylomicrobium,39773,3.0
Methylomonas,416,3.0
Methylophaga,40222,3.0
Methylophilus,16,2.0
Methylorubrum,2282523,5.0
Methylosinus,425,3.0
Methylotenera,359407,2.5
Methyloversatilis,378210,2.0
Methylovorus,81682,2.0
Methylovulum,762296,1.0
Micavibrio,213485,1.0
Microbacterium,33882,2.0
Microbulbifer,48073,3.5
Microcella,337004,1.0
Micrococcus,1269,2.0
Microcoleus,44471,4.0
Microcystis,1125,2.0
Microlunatus,29404,1.0
Micromonospora,1873,3.0
Micropruina,116071,1.0
Microterricola,518733,3.0
Microvirga,186650,3.5
Minicystis,1649470,4.0
Miniimonas,947525,2.0
Mitsuaria,65047,2.0
Mobiluncus,2050,2.0
Modestobacter,88138,3.0
Mogibacterium,86331,2.0
Moorea,1155738,2.0
Moorella,44260,1.0
Moraxella,475,4.0
Mordavella,1981033,4.0
Morganella,581,7.0
Moritella,58050,13.5
Mucilaginibacter,423349,3.0
Mucinivorans,1611681,2.0
Murdochiella,1161127,2.0
Muribaculum,1918540,4.0
Muricauda,111500,2.0
Mycetocola,76634,3.0
Mycobacterium,1763,1.0
Mycobacteroides,670516,1.0
Mycolicibacter,1073531,2.0
Mycolicibacterium,1866885,2.0
Mycoplasma,2093,2.0
Myroides,76831,8.5
Myxococcus,32,3.5
Nakamurella,53460,2.0
Natranaerobius,375928,4.0
Natrialba,63742,3.0
Natrinema,88723,3.0
Natronobacterium,2256,3.0
Natronococcus,29287,4.0
Natronolimnobius,253106,3.0
Natronomonas,63743,1.0
Nautilia,191291,4.0
Ndongobacter,1930845,3.0
Negativicoccus,909928,4.0
Neisseria,482,4.0
Neoasaia,320496,4.0
Neomicrococcus,1868332,3.0
Neorhizobium,1525371,3.0
Neorickettsia,33993,1.0
Niabella,379899,2.0
Niastella,354354,3.0
Nitratifractor,269260,2.0
Nitratireductor,245876,1.5
Nitratiruptor,269258,3.0
Nitrobacter,911,1.0
Nitrosococcus,1227,2.0
Nitrosomonas,914,1.0
Nitrosopumilus,338191,1.0
Nitrososphaera,497726,1.0
Nitrosospira,35798,1.0
Nitrospira,1234,1.0
Nitrospirillum,1543705,5.0
Niveispirillum,1543704,4.0
Nocardia,1817,3.0
Nocardioides,1839,3.0
Nocardiopsis,2013,5.0
Nodularia,159191,4.0
Nonlabens,363408,3.0
Nonomuraea,83681,5.0
Nostoc,1177,4.0
Novibacillus,1677050,4.0
Novosphingobium,165696,3.0
Obesumbacterium,82982,8.0
Oblitimonas,1849530,4.5
Oceanicoccus,1084558,2.0
Oceanimonas,129577,7.0
Oceanisphaera,225143,8.0
Oceanithermus,208447,2.0
Oceanobacillus,182709,9.0
Ochrobactrum,528,4.0
Octadecabacter,53945,2.0
Odoribacter,283168,4.0
Oenococcus,46254,2.0
Oleiphilus,141450,5.0
Oleispira,188907,5.0
Oligella,90243,3.0
Oligotropha,40136,1.0
Olleya,336276,4.0
Olsenella,133925,2.0
Opitutus,178440,1.0
Orientia,69474,1.0
Ornithinimicrobium,125287,2.0
Ornithobacterium,28250,3.0
Orrella,1921582,2.0
Oscillatoria,1158,2.5
Oscillibacter,459786,3.0
Ottowia,219181,2.5
Owenweeksia,267986,2.0
Oxalobacter,846,1.5
Paenalcaligenes,1100891,3.0
Paenarthrobacter,1742992,6.0
Paenibacillus,44249,10.0
Paeniclostridium,1849828,17.0
Palaeococcus,83867,2.0
Paludibacter,346096,3.0
Paludisphaera,1763521,3.0
Pandoraea,93217,4.0
Pannonibacter,227873,3.0
Pantoea,53335,7.0
Parabacteroides,375288,7.0
Paraburkholderia,1822464,6.0
Parachlamydia,83551,3.0
Paracoccus,265,3.0
Parageobacillus,1906945,10.0
Paraglaciecola,1621534,6.0
Paraliobacillus,200903,9.0
Paraphotobacterium,2042066,9.0
Pararhodospirillum,1612157,1.0
Parasaccharibacter,1602345,1.0
Parascardovia,196082,2.0
Parvibaculum,256616,1.0
Parvimonas,543311,3.0
Parvularcula,208215,1.0
Pasteurella,745,6.0
Paucibacter,318147,6.0
Paucimonas,157932,5.0
Pectobacterium,122277,7.0
Pediococcus,1253,5.0
Pedobacter,84567,5.0
Pelagibaca,360528,2.0
Pelagibacterium,1082930,2.0
Pelobacter,18,3.5
Pelodictyon,1099,2.5
Pelosinus,365348,12.0
Peptoclostridium,1481960,7.0
Peptoniphilus,162289,4.0
Persephonella,182899,2.0
Persicobacter,59740,3.0
Petrimonas,307628,2.0
Petrotoga,28236,2.0
Phaeobacter,302485,4.0
Phenylobacterium,20,1.0
Phoenicibacter,1981050,2.0
Photobacterium,657,15.0
Photorhabdus,29487,7.0
Phreatobacter,1632780,2.0
Phycisphaera,666508,1.0
Phyllobacterium,28100,3.0
Phytobacter,447792,7.0
Picrophilus,46631,1.0
Pimelobacter,2044,2.0
Pirellula,123,1.0
Piscirickettsia,1237,6.0
Planctomyces,118,3.0
Planctopirus,1649480,2.0
Planococcus,1372,9.0
Plantactinospora,673534,1.0
Plesiomonas,702,12.0
Pleurocapsa,44474,3.0
Pluralibacter,1330546,7.0
Polaribacter,52959,3.0
Polaromonas,52972,1.5
Polymorphum,991903,2.0
Polynucleobacter,44013,1.0
Pontibacter,323449,4.0
Pontimonas,1434032,1.0
Porphyrobacter,1111,1.0
Porphyromonas,836,4.0
Pragia,82984,7.0
Prauserella,142577,3.0
Prevotella,838,4.0
Prochlorococcus,1218,1.0
Propionibacterium,1743,2.0
Propionimicrobium,203133,2.0
Prosthecochloris,1101,2.0
Proteiniphilum,294702,2.0
Proteus,583,7.0
Providencia,586,7.0
Pseudanabaena,1152,2.0
Pseudarcicella,1664383,3.0
Pseudarthrobacter,1742993,5.0
Pseudoalteromonas,53246,9.0
Pseudoclostridium,2304693,4.0
Pseudodesulfovibrio,2035811,2.0
Pseudogulbenkiania,568394,8.0
Pseudohongiella,1524249,2.0
Pseudomonas,286,5.0
Pseudonocardia,1847,4.0
Pseudopedobacter,1649482,4.0
Pseudopropionibacterium,1912217,2.0
Pseudorhodoplanes,1734920,1.0
Pseudothermotoga,1643951,1.0
Pseudoxanthomonas,83618,1.0
Psychrobacter,497,4.0
Psychroflexus,83612,3.0
Psychromicrobium,2078575,2.0
Psychromonas,67572,10.0
Pusillimonas,305976,2.0
Pyrobaculum,2276,1.0
Pyrococcus,2260,1.0
Pyrodictium,2308,1.0
Pyrolobus,54251,1.0
Rahnella,34037,7.0
Ralstonia,48736,3.0
Ramlibacter,174951,1.5
Raoultella,160674,8.0
Rathayibacter,33886,2.0
Reinekea,230494,5.0
Renibacterium,1645,2.0
Rhizobacter,212743,3.0
Rhizobium,379,3.0
Rhizorhabdus,1649486,2.0
Rhodanobacter,75309,2.0
Rhodobaca,119541,3.0
Rhodobacter,1060,3.5
Rhodococcus,1827,4.0
Rhodoferax,28065,2.5
Rhodoluna,529883,1.0
Rhodomicrobium,1068,2.0
Rhodopirellula,265488,1.0
Rhodoplanes,29407,1.0
Rhodopseudomonas,1073,2.0
Rhodospirillum,1081,4.0
Rhodothermus,29548,1.0
Rhodovulum,34008,3.0
Rickettsia,780,1.0
Riemerella,34084,3.0
Rivularia,373984,3.0
Robiginitalea,252306,2.0
Roseateles,93681,4.0
Roseburia,841,4.0
Roseibacterium,159345,2.0
Roseiflexus,120961,2.0
Roseobacter,2433,1.0
Roseomonas,125216,5.0
Roseovarius,74030,2.0
Rothia,32207,3.0
Rouxiella,1565532,8.0
Rubinisphaera,1649490,2.0
Rubrivivax,28067,3.0
Rubrobacter,42255,1.0
Ruegeria,97050,4.0
Rufibacter,1379908,3.0
Ruminiclostridium,1508657,8.0
Ruminococcus,1263,4.0
Rummeliibacillus,648802,12.0
Runella,105,2.5
Saccharomonospora,1851,3.0
Saccharophagus,316625,2.0
Saccharopolyspora,1835,4.0
Saccharospirillum,231683,4.0
Saccharothrix,2071,4.0
Sagittula,58842,2.0
Salegentibacter,143222,3.0
Salimicrobium,351195,7.0
Salinarchaeum,1269201,1.0
Salinibacter,146918,1.0
Salinibacterium,235888,2.0
Salinicoccus,45669,4.0
Salinicola,404432,5.0
Salinigranum,1644057,2.0
Salinimonas,288793,4.5
Salinisphaera,180541,2.0
Salinispira,1616789,2.0
Salinispora,168694,3.0
Salinivirga,1970191,3.0
Salipiger,263377,4.0
Salmonella,590,7.0
Sandaracinus,1055688,2.0
Sanguibacter,60919,4.0
Saprospira,1007,3.0
Scardovia,196081,2.0
Sebaldella,32068,4.0
Sedimenticola,349742,2.0
Sediminicola,389486,3.0
Sediminispirochaeta,1911556,2.0
Segniliparus,286801,1.0
Selenomonas,970,4.0
Seonamhaeicola,1649495,2.0
Serinicoccus,265976,2.0
Serratia,613,7.0
Shewanella,22,9.0
Shigella,620,7.0
Shimwellia,1335483,8.0
Shinella,323620,3.0
Siansivirga,1204360,3.0
Sideroxydans,314343,2.0
Simiduia,447467,3.0
Simkania,34093,1.0
Simonsiella,71,5.0
Simplicispira,352450,3.0
Singulisphaera,466152,8.0
Sinomonas,596707,4.0
Sinorhizobium,28105,3.0
Slackia,84108,2.0
Sneathia,168808,3.0
Snodgrassella,1193515,4.0
Sodalis,84565,7.0
Solibacillus,648800,12.0
Solimonas,413435,2.0
Solitalea,929509,4.0
Sorangium,39643,4.0
Sphaerobacter,2056,2.0
Sphaerochaeta,399320,4.0
Sphingobacterium,28453,7.0
Sphingobium,165695,3.0
Sphingomonas,13687,2.0
Sphingopyxis,165697,1.0
Sphingorhabdus,1434046,2.0
Spiribacter,1335745,1.0
Spirochaeta,146,2.0
Spiroplasma,2132,1.0
Spirosoma,107,3.0
Spongiibacter,630749,2.0
Sporosarcina,1569,8.0
Stackebrandtia,283810,2.0
Stanieria,102115,2.0
Staphylococcus,1279,6.0
Staphylothermus,2279,1.0
Starkeya,152053,1.0
Stenotrophomonas,40323,4.0
Stenoxybacter,422440,4.0
Steroidobacter,469322,1.0
Stigmatella,40,2.0
Streptacidiphilus,228398,8.0
Streptobacillus,34104,5.0
Streptococcus,1301,6.0
Streptomyces,1883,6.0
Streptosporangium,2000,6.0
Sulfitobacter,60136,1.5
Sulfolobus,2284,1.0
Sulfuricaulis,1744881,1.0
Sulfuricella,935200,2.0
Sulfuricurvum,286130,3.0
Sulfuriferula,1778653,3.0
Sulfurifustis,1692042,1.0
Sulfurihydrogenibium,212790,2.5
Sulfurimonas,202746,4.0
Sulfurisphaera,69655,1.0
Sulfuritalea,1054211,2.0
Sulfurospirillum,57665,3.0
Sulfurovum,265570,3.0
Symbiobacterium,2733,6.0
Synechococcus,1129,2.0
Synechocystis,1142,2.0
Syntrophobacter,29526,2.0
Syntrophobotulus,51196,4.0
Syntrophomonas,862,3.0
Syntrophothermus,129001,2.0
Syntrophus,43773,1.0
Tamlana,393005,3.0
Tannerella,195950,2.0
Tateyamaria,299261,1.0
Tatlockia,465,3.0
Tatumella,82986,7.0
Taylorella,29574,3.0
Tenacibaculum,104267,4.5
Tepidanaerobacter,499228,2.0
Teredinibacter,2425,3.0
Terribacillus,459532,8.0
Terriglobus,392733,1.0
Tessaracoccus,72763,2.0
Tetragenococcus,51668,5.0
Thalassococcus,436357,1.0
Thalassolituus,187492,4.0
Thalassospira,168934,4.0
Thalassotalea,1518149,6.0
Thauera,33057,4.0
Thermacetogenium,140458,3.0
Thermaerobacter,73918,2.0
Thermanaerovibrio,81461,3.0
Thermincola,278993,3.0
Thermoanaerobacter,1754,4.0
Thermoanaerobacterium,28895,5.0
Thermobacillus,76632,5.0
Thermobaculum,262406,2.0
Thermobifida,83677,4.0
Thermobispora,147067,4.0
Thermoclostridium,2304691,3.0
Thermococcus,2263,1.0
Thermocrinis,75905,1.0
Thermodesulfatator,241192,2.0
Thermodesulfobacterium,1740,1.0
Thermodesulfobium,227388,2.0
Thermodesulfovibrio,28261,1.0
Thermofilum,2268,1.0
Thermogladius,477695,1.0
Thermogutta,1676125,1.0
Thermomicrobium,499,2.0
Thermomonospora,2019,4.0
Thermoplasma,2302,1.0
Thermoproteus,2270,1.0
Thermosediminibacter,291988,3.0
Thermosipho,2420,4.0
Thermosphaera,54253,1.0
Thermostaphylospora,2071601,6.0
Thermosulfidibacter,412592,1.0
Thermosynechococcus,146785,1.0
Thermotoga,2335,1.0
Thermovibrio,171868,3.0
Thermovirga,336260,3.0
Thermus,270,2.0
Thioalkalivibrio,106633,1.0
Thiobacillus,919,2.0
Thioclava,285107,3.0
Thiocystis,13724,3.0
Thiodictyon,53392,2.0
Thioflavicoccus,156885,2.0
Thiohalobacter,1273155,1.0
Thiolapillus,1608298,1.0
Thiomicrospira,933,2.0
Thiomonas,32012,1.0
Thioploca,40751,1.0
Tistrella,171436,4.0
Tolumonas,43947,8.0
Treponema,157,2.0
Trichodesmium,1205,2.0
Trichormus,264688,4.0
Tropheryma,2038,1.0
Truepera,332248,2.0
Trueperella,1069494,2.0
Tsukamurella,2060,2.0
Turicibacter,191303,12.0
Turneriella,338321,2.0
Ureaplasma,2129,2.0
Vagococcus,2737,5.5
Variibacter,1649510,1.0
Variovorax,34072,2.0
Veillonella,29465,4.0
Verminephrobacter,364316,3.0
Verrucosispora,84593,3.0
Vibrio,662,10.0
Virgibacillus,84406,7.0
Vitreoscilla,59,4.5
Vulcanisaeta,164450,1.0
Vulgatibacter,1524214,3.0
Waddlia,71666,2.0
Weeksella,1013,5.0
Weissella,46255,8.0
Wenyingzhuangia,1518147,4.0
Wenzhouxiangella,1676142,1.0
Wigglesworthia,51228,2.0
Winogradskyella,286104,2.0
Woeseia,1738655,1.0
Wolbachia,953,1.0
Wolinella,843,3.0
Xanthobacter,279,2.0
Xanthomonas,338,2.0
Xenorhabdus,626,7.0
Xylanimonas,186188,3.0
Xylella,2370,2.0
Yangia,354203,5.0
Yersinia,629,7.0
Yoonia,2211641,2.0
Zhongshania,1434050,3.0
Zobellella,347533,8.0
Zobellia,112040,2.0
Zunongwangia,417127,3.0
Zymomonas,541,3.0
