Fastq path,Original fastq path,Run Date (YYYY-MM-DD),Run Directory/Run ID,Lib Batch Id,Sample Name,Sample Type,Accession,Library Type,Analysis Environment,Process Stage,Control Int Org Names,Pipe Version,Sequencing Id,Instrument Id,Instrument Name,Platform,Flow Type,Diagnostic Output Dir,Control Pos EC Id,Control Neg EC Id,Control Pos Org Names,Adaptor Type,Seq Sple,Adaptor I5 Id,Adaptor I5 Seq,Adaptor I7 Id,Adaptor I7 Seq,Library Name,Sample Description,Control Int IC Id,Study,Study Notes,Project,Run Yield Total,Run % Tile Pass,Run % PF,Run Cluster Density,Run Phix Error Rate,Run % Q30,Run Cluster Density Raw,Run Intensity A,Run Yield Total Raw,Run Phix Error Rate Raw,Run % Q30 Raw,Read 1 Len,Read 2 Len,Run Lane,Lot Illumina Reagent Kit,Lot Illumina Flow Cell,Lot Illumina PR2,Lot Pos Control,Lot Neg Control,PostAdapt Trim % Reject,Lot Int Control,Reads PostQual,Base Content A,Base Content C,Base Content G,Base Content T,Library Q Score,Reads demulti,Reads Unique,Base Content G quint5,Kmer Entropy demulti,Kmer Entropy PostQual
/common/idbydna-archives/fastqs/illumina/rnd/190830-2-1-idbd-d100424-d-02-ahmvfmafxy-aggtcagata-tatcttgtag-5d6a8d18/filt/190830-2-1-IDBD-D100424-d-02-AHMVFMAFXY-AGGTCAGATA-TATCTTGTAG-5d6a8d18_S2_R1_001.postAdapt.postQual.fastq.gz,/srv/idbydna-group3/results/idbd_rnd_v2/190830_NB551702_0056_AHMVFMAFXY/fqs/fq_filt/Nextera/190830-2-1-IDBD-D100424-d-02-AHMVFMAFXY-AGGTCAGATA-TATCTTGTAG-5d6a8d18_S2_R1_001.postAdapt.postQual.fastq.gz,8/30/19,190830_nb551702_0056_ahmvfmafxy,190829b02,1:10-2,community standard,idbd-d100424,dna,rnd,filt,enterobacteria phage t7,2.0.0-beta.14,190830-2-1,nb551702,nextseq,illumina,nextseq mid,/uufs/chpc.utah.edu/common/home/idbydna-group3/results/idbd_rnd_v2/190830_NB551702_0056_AHMVFMAFXY/tax,,,,nextera,190830-2-1-idbd-d100424-d-02-ahmvfmafxy-aggtcagata-tatcttgtag-5d6a8d18,b1,tatcttgtag,b1,aggtcagata,190829b02-idbd-d100424-d-02,"undamaged, dry ice| none| 1:100 t7| none",icnone_d,r&d_proddev,.,explifyv2,20926051977,93.403,92.598,167612.76,0.529,91.815,167662.583,8615.48,22405595047,0.712,91.577,147,0,0,20357013,20359411,20360832,,,6.537,,9678972,0.262,0.24,0.236,0.262,34.718,10400556,74.375,0.258,9.791,9.882
/common/idbydna-archives/fastqs/illumina/rnd/190830-2-1-idbd-d100434-d-11-ahmvfmafxy-ccgtatgttc-acagtgtatg-5d6a8d18/filt/190830-2-1-IDBD-D100434-d-11-AHMVFMAFXY-CCGTATGTTC-ACAGTGTATG-5d6a8d18_S11_R1_001.postAdapt.postQual.fastq.gz,/srv/idbydna-group3/results/idbd_rnd_v2/190830_NB551702_0056_AHMVFMAFXY/fqs/fq_filt/Nextera/190830-2-1-IDBD-D100434-d-11-AHMVFMAFXY-CCGTATGTTC-ACAGTGTATG-5d6a8d18_S11_R1_001.postAdapt.postQual.fastq.gz,8/30/19,190830_nb551702_0056_ahmvfmafxy,190829b02,1:3161.9-1,community standard,idbd-d100434,dna,rnd,filt,enterobacteria phage t7,2.0.0-beta.14,190830-2-1,nb551702,nextseq,illumina,nextseq mid,/uufs/chpc.utah.edu/common/home/idbydna-group3/results/idbd_rnd_v2/190830_NB551702_0056_AHMVFMAFXY/tax,,,,nextera,190830-2-1-idbd-d100434-d-11-ahmvfmafxy-ccgtatgttc-acagtgtatg-5d6a8d18,c2,acagtgtatg,c2,ccgtatgttc,190829b02-idbd-d100434-d-11,"undamaged, dry ice| none| 1:100 t7| none",icnone_d,r&d_proddev,.,explifyv2,20926051977,93.403,92.598,167612.76,0.529,91.815,167662.583,8615.48,22405595047,0.712,91.577,147,0,0,20357013,20359411,20360832,,,0.675,,7308378,0.206,0.293,0.294,0.207,34.516,7382250,39.586,0.297,9.745,9.743
/common/idbydna-archives/fastqs/illumina/rnd/190830-2-1-idbd-d100436-d-13-ahmvfmafxy-cttgccatta-ccttcgtgat-5d6a8d18/filt/190830-2-1-IDBD-D100436-d-13-AHMVFMAFXY-CTTGCCATTA-CCTTCGTGAT-5d6a8d18_S13_R1_001.postAdapt.postQual.fastq.gz,/srv/idbydna-group3/results/idbd_rnd_v2/190830_NB551702_0056_AHMVFMAFXY/fqs/fq_filt/Nextera/190830-2-1-IDBD-D100436-d-13-AHMVFMAFXY-CTTGCCATTA-CCTTCGTGAT-5d6a8d18_S13_R1_001.postAdapt.postQual.fastq.gz,8/30/19,190830_nb551702_0056_ahmvfmafxy,190829b02,1:9998.7-1,community standard,idbd-d100436,dna,rnd,filt,enterobacteria phage t7,2.0.0-beta.14,190830-2-1,nb551702,nextseq,illumina,nextseq mid,/uufs/chpc.utah.edu/common/home/idbydna-group3/results/idbd_rnd_v2/190830_NB551702_0056_AHMVFMAFXY/tax,,,,nextera,190830-2-1-idbd-d100436-d-13-ahmvfmafxy-cttgccatta-ccttcgtgat-5d6a8d18,e2,ccttcgtgat,e2,cttgccatta,190829b02-idbd-d100436-d-13,"undamaged, dry ice| none| 1:100 t7| none",icnone_d,r&d_proddev,.,explifyv2,20926051977,93.403,92.598,167612.76,0.529,91.815,167662.583,8615.48,22405595047,0.712,91.577,147,0,0,20357013,20359411,20360832,,,0.418,,6709817,0.202,0.296,0.298,0.203,34.409,6761201,36.636,0.3,9.718,9.717
/common/idbydna-archives/fastqs/illumina/rnd/190830-2-1-idbd-d100426-d-04-ahmvfmafxy-attccataag-ccaccaggca-5d6a8d18/filt/190830-2-1-IDBD-D100426-d-04-AHMVFMAFXY-ATTCCATAAG-CCACCAGGCA-5d6a8d18_S4_R1_001.postAdapt.postQual.fastq.gz,/srv/idbydna-group3/results/idbd_rnd_v2/190830_NB551702_0056_AHMVFMAFXY/fqs/fq_filt/Nextera/190830-2-1-IDBD-D100426-d-04-AHMVFMAFXY-ATTCCATAAG-CCACCAGGCA-5d6a8d18_S4_R1_001.postAdapt.postQual.fastq.gz,8/30/19,190830_nb551702_0056_ahmvfmafxy,190829b02,1:31.6-2,community standard,idbd-d100426,dna,rnd,filt,enterobacteria phage t7,2.0.0-beta.14,190830-2-1,nb551702,nextseq,illumina,nextseq mid,/uufs/chpc.utah.edu/common/home/idbydna-group3/results/idbd_rnd_v2/190830_NB551702_0056_AHMVFMAFXY/tax,,,,nextera,190830-2-1-idbd-d100426-d-04-ahmvfmafxy-attccataag-ccaccaggca-5d6a8d18,d1,ccaccaggca,d1,attccataag,190829b02-idbd-d100426-d-04,"undamaged, dry ice| none| 1:100 t7| none",icnone_d,r&d_proddev,.,explifyv2,20926051977,93.403,92.598,167612.76,0.529,91.815,167662.583,8615.48,22405595047,0.712,91.577,147,0,0,20357013,20359411,20360832,,,7.808,,9486516,0.264,0.241,0.229,0.266,34.308,10355246,80.848,0.251,9.738,9.872
/common/idbydna-archives/fastqs/illumina/rnd/190830-2-1-idbd-d100429-d-07-ahmvfmafxy-ctagtgctct-tactgttcca-5d6a8d18/filt/190830-2-1-IDBD-D100429-d-07-AHMVFMAFXY-CTAGTGCTCT-TACTGTTCCA-5d6a8d18_S7_R1_001.postAdapt.postQual.fastq.gz,/srv/idbydna-group3/results/idbd_rnd_v2/190830_NB551702_0056_AHMVFMAFXY/fqs/fq_filt/Nextera/190830-2-1-IDBD-D100429-d-07-AHMVFMAFXY-CTAGTGCTCT-TACTGTTCCA-5d6a8d18_S7_R1_001.postAdapt.postQual.fastq.gz,8/30/19,190830_nb551702_0056_ahmvfmafxy,190829b02,1:316.2-1,community standard,idbd-d100429,dna,rnd,filt,enterobacteria phage t7,2.0.0-beta.14,190830-2-1,nb551702,nextseq,illumina,nextseq mid,/uufs/chpc.utah.edu/common/home/idbydna-group3/results/idbd_rnd_v2/190830_NB551702_0056_AHMVFMAFXY/tax,,,,nextera,190830-2-1-idbd-d100429-d-07-ahmvfmafxy-ctagtgctct-tactgttcca-5d6a8d18,g1,tactgttcca,g1,ctagtgctct,190829b02-idbd-d100429-d-07,"undamaged, dry ice| none| 1:100 t7| none",icnone_d,r&d_proddev,.,explifyv2,20926051977,93.403,92.598,167612.76,0.529,91.815,167662.583,8615.48,22405595047,0.712,91.577,147,0,0,20357013,20359411,20360832,,,1.488,,7137714,0.244,0.256,0.255,0.246,34.619,7265306,67.846,0.259,9.88,9.881
/common/idbydna-archives/fastqs/illumina/rnd/190830-2-1-idbd-d100428-d-06-ahmvfmafxy-aacatcgcgc-acaagtggac-5d6a8d18/filt/190830-2-1-IDBD-D100428-d-06-AHMVFMAFXY-AACATCGCGC-ACAAGTGGAC-5d6a8d18_S6_R1_001.postAdapt.postQual.fastq.gz,/srv/idbydna-group3/results/idbd_rnd_v2/190830_NB551702_0056_AHMVFMAFXY/fqs/fq_filt/Nextera/190830-2-1-IDBD-D100428-d-06-AHMVFMAFXY-AACATCGCGC-ACAAGTGGAC-5d6a8d18_S6_R1_001.postAdapt.postQual.fastq.gz,8/30/19,190830_nb551702_0056_ahmvfmafxy,190829b02,1:99.9-2,community standard,idbd-d100428,dna,rnd,filt,enterobacteria phage t7,2.0.0-beta.14,190830-2-1,nb551702,nextseq,illumina,nextseq mid,/uufs/chpc.utah.edu/common/home/idbydna-group3/results/idbd_rnd_v2/190830_NB551702_0056_AHMVFMAFXY/tax,,,,nextera,190830-2-1-idbd-d100428-d-06-ahmvfmafxy-aacatcgcgc-acaagtggac-5d6a8d18,f1,acaagtggac,f1,aacatcgcgc,190829b02-idbd-d100428-d-06,"undamaged, dry ice| none| 1:100 t7| none",icnone_d,r&d_proddev,.,explifyv2,20926051977,93.403,92.598,167612.76,0.529,91.815,167662.583,8615.48,22405595047,0.712,91.577,147,0,0,20357013,20359411,20360832,,,7.311,,8092754,0.263,0.243,0.233,0.261,34.546,8778998,81.336,0.259,9.756,9.874
/common/idbydna-archives/fastqs/illumina/rnd/190830-2-1-idbd-d100431-d-08-ahmvfmafxy-gatcaaggca-attaacaagg-5d6a8d18/filt/190830-2-1-IDBD-D100431-d-08-AHMVFMAFXY-GATCAAGGCA-ATTAACAAGG-5d6a8d18_S8_R1_001.postAdapt.postQual.fastq.gz,/srv/idbydna-group3/results/idbd_rnd_v2/190830_NB551702_0056_AHMVFMAFXY/fqs/fq_filt/Nextera/190830-2-1-IDBD-D100431-d-08-AHMVFMAFXY-GATCAAGGCA-ATTAACAAGG-5d6a8d18_S8_R1_001.postAdapt.postQual.fastq.gz,8/30/19,190830_nb551702_0056_ahmvfmafxy,190829b02,1:316.2-2,community standard,idbd-d100431,dna,rnd,filt,enterobacteria phage t7,2.0.0-beta.14,190830-2-1,nb551702,nextseq,illumina,nextseq mid,/uufs/chpc.utah.edu/common/home/idbydna-group3/results/idbd_rnd_v2/190830_NB551702_0056_AHMVFMAFXY/tax,,,,nextera,190830-2-1-idbd-d100431-d-08-ahmvfmafxy-gatcaaggca-attaacaagg-5d6a8d18,h1,attaacaagg,h1,gatcaaggca,190829b02-idbd-d100431-d-08,"undamaged, dry ice| none| 1:100 t7| none",icnone_d,r&d_proddev,.,explifyv2,20926051977,93.403,92.598,167612.76,0.529,91.815,167662.583,8615.48,22405595047,0.712,91.577,147,0,0,20357013,20359411,20360832,,,1.27,,6632921,0.247,0.253,0.253,0.247,34.566,6735309,68.853,0.257,9.879,9.883
/common/idbydna-archives/fastqs/illumina/rnd/190830-2-1-idbd-d100437-d-14-ahmvfmafxy-gaagcggcac-agtagagccg-5d6a8d18/filt/190830-2-1-IDBD-D100437-d-14-AHMVFMAFXY-GAAGCGGCAC-AGTAGAGCCG-5d6a8d18_S14_R1_001.postAdapt.postQual.fastq.gz,/srv/idbydna-group3/results/idbd_rnd_v2/190830_NB551702_0056_AHMVFMAFXY/fqs/fq_filt/Nextera/190830-2-1-IDBD-D100437-d-14-AHMVFMAFXY-GAAGCGGCAC-AGTAGAGCCG-5d6a8d18_S14_R1_001.postAdapt.postQual.fastq.gz,8/30/19,190830_nb551702_0056_ahmvfmafxy,190829b02,1:9998.7-2,community standard,idbd-d100437,dna,rnd,filt,enterobacteria phage t7,2.0.0-beta.14,190830-2-1,nb551702,nextseq,illumina,nextseq mid,/uufs/chpc.utah.edu/common/home/idbydna-group3/results/idbd_rnd_v2/190830_NB551702_0056_AHMVFMAFXY/tax,,,,nextera,190830-2-1-idbd-d100437-d-14-ahmvfmafxy-gaagcggcac-agtagagccg-5d6a8d18,f2,agtagagccg,f2,gaagcggcac,190829b02-idbd-d100437-d-14,"undamaged, dry ice| none| 1:100 t7| none",icnone_d,r&d_proddev,.,explifyv2,20926051977,93.403,92.598,167612.76,0.529,91.815,167662.583,8615.48,22405595047,0.712,91.577,147,0,0,20357013,20359411,20360832,,,0.786,,7334737,0.205,0.294,0.297,0.204,34.407,7418185,38.7,0.3,9.73,9.73
/common/idbydna-archives/fastqs/illumina/rnd/190830-2-1-idbd-d100425-d-03-ahmvfmafxy-cgtctcatat-agctactata-5d6a8d18/filt/190830-2-1-IDBD-D100425-d-03-AHMVFMAFXY-CGTCTCATAT-AGCTACTATA-5d6a8d18_S3_R1_001.postAdapt.postQual.fastq.gz,/srv/idbydna-group3/results/idbd_rnd_v2/190830_NB551702_0056_AHMVFMAFXY/fqs/fq_filt/Nextera/190830-2-1-IDBD-D100425-d-03-AHMVFMAFXY-CGTCTCATAT-AGCTACTATA-5d6a8d18_S3_R1_001.postAdapt.postQual.fastq.gz,8/30/19,190830_nb551702_0056_ahmvfmafxy,190829b02,1:31.6-1,community standard,idbd-d100425,dna,rnd,filt,enterobacteria phage t7,2.0.0-beta.14,190830-2-1,nb551702,nextseq,illumina,nextseq mid,/uufs/chpc.utah.edu/common/home/idbydna-group3/results/idbd_rnd_v2/190830_NB551702_0056_AHMVFMAFXY/tax,,,,nextera,190830-2-1-idbd-d100425-d-03-ahmvfmafxy-cgtctcatat-agctactata-5d6a8d18,c1,agctactata,c1,cgtctcatat,190829b02-idbd-d100425-d-03,"undamaged, dry ice| none| 1:100 t7| none",icnone_d,r&d_proddev,.,explifyv2,20926051977,93.403,92.598,167612.76,0.529,91.815,167662.583,8615.48,22405595047,0.712,91.577,147,0,0,20357013,20359411,20360832,,,8.068,,10335439,0.259,0.244,0.231,0.266,34.737,11302930,77.956,0.255,9.735,9.876
/common/idbydna-archives/fastqs/illumina/rnd/190830-2-1-idbd-d100423-d-01-ahmvfmafxy-gaactgagcg-cgctccacga-5d6a8d18/filt/190830-2-1-IDBD-D100423-d-01-AHMVFMAFXY-GAACTGAGCG-CGCTCCACGA-5d6a8d18_S1_R1_001.postAdapt.postQual.fastq.gz,/srv/idbydna-group3/results/idbd_rnd_v2/190830_NB551702_0056_AHMVFMAFXY/fqs/fq_filt/Nextera/190830-2-1-IDBD-D100423-d-01-AHMVFMAFXY-GAACTGAGCG-CGCTCCACGA-5d6a8d18_S1_R1_001.postAdapt.postQual.fastq.gz,8/30/19,190830_nb551702_0056_ahmvfmafxy,190829b02,1:10 -1,community standard,idbd-d100423,dna,rnd,filt,enterobacteria phage t7,2.0.0-beta.14,190830-2-1,nb551702,nextseq,illumina,nextseq mid,/uufs/chpc.utah.edu/common/home/idbydna-group3/results/idbd_rnd_v2/190830_NB551702_0056_AHMVFMAFXY/tax,,,,nextera,190830-2-1-idbd-d100423-d-01-ahmvfmafxy-gaactgagcg-cgctccacga-5d6a8d18,a1,cgctccacga,a1,gaactgagcg,190829b02-idbd-d100423-d-01,"undamaged, dry ice| none| 1:100 t7| none",icnone_d,r&d_proddev,.,explifyv2,20926051977,93.403,92.598,167612.76,0.529,91.815,167662.583,8615.48,22405595047,0.712,91.577,147,0,0,20357013,20359411,20360832,,,6.035,,8414837,0.262,0.241,0.236,0.261,34.569,8995603,76.819,0.258,9.799,9.881
/common/idbydna-archives/fastqs/illumina/rnd/190830-2-1-idbd-d100432-d-09-ahmvfmafxy-gactgagtag-cactatcaac-5d6a8d18/filt/190830-2-1-IDBD-D100432-d-09-AHMVFMAFXY-GACTGAGTAG-CACTATCAAC-5d6a8d18_S9_R1_001.postAdapt.postQual.fastq.gz,/srv/idbydna-group3/results/idbd_rnd_v2/190830_NB551702_0056_AHMVFMAFXY/fqs/fq_filt/Nextera/190830-2-1-IDBD-D100432-d-09-AHMVFMAFXY-GACTGAGTAG-CACTATCAAC-5d6a8d18_S9_R1_001.postAdapt.postQual.fastq.gz,8/30/19,190830_nb551702_0056_ahmvfmafxy,190829b02,1:999.9-1,community standard,idbd-d100432,dna,rnd,filt,enterobacteria phage t7,2.0.0-beta.14,190830-2-1,nb551702,nextseq,illumina,nextseq mid,/uufs/chpc.utah.edu/common/home/idbydna-group3/results/idbd_rnd_v2/190830_NB551702_0056_AHMVFMAFXY/tax,,,,nextera,190830-2-1-idbd-d100432-d-09-ahmvfmafxy-gactgagtag-cactatcaac-5d6a8d18,a2,cactatcaac,a2,gactgagtag,190829b02-idbd-d100432-d-09,"undamaged, dry ice| none| 1:100 t7| none",icnone_d,r&d_proddev,.,explifyv2,20926051977,93.403,92.598,167612.76,0.529,91.815,167662.583,8615.48,22405595047,0.712,91.577,147,0,0,20357013,20359411,20360832,,,0.577,,7230685,0.215,0.284,0.286,0.215,34.527,7292689,46.126,0.288,9.794,9.791
/common/idbydna-archives/fastqs/illumina/rnd/190830-2-1-idbd-d100427-d-05-ahmvfmafxy-gacgagatta-aggataatgt-5d6a8d18/filt/190830-2-1-IDBD-D100427-d-05-AHMVFMAFXY-GACGAGATTA-AGGATAATGT-5d6a8d18_S5_R1_001.postAdapt.postQual.fastq.gz,/srv/idbydna-group3/results/idbd_rnd_v2/190830_NB551702_0056_AHMVFMAFXY/fqs/fq_filt/Nextera/190830-2-1-IDBD-D100427-d-05-AHMVFMAFXY-GACGAGATTA-AGGATAATGT-5d6a8d18_S5_R1_001.postAdapt.postQual.fastq.gz,8/30/19,190830_nb551702_0056_ahmvfmafxy,190829b02,1:99.9-1,community standard,idbd-d100427,dna,rnd,filt,enterobacteria phage t7,2.0.0-beta.14,190830-2-1,nb551702,nextseq,illumina,nextseq mid,/uufs/chpc.utah.edu/common/home/idbydna-group3/results/idbd_rnd_v2/190830_NB551702_0056_AHMVFMAFXY/tax,,,,nextera,190830-2-1-idbd-d100427-d-05-ahmvfmafxy-gacgagatta-aggataatgt-5d6a8d18,e1,aggataatgt,e1,gacgagatta,190829b02-idbd-d100427-d-05,"undamaged, dry ice| none| 1:100 t7| none",icnone_d,r&d_proddev,.,explifyv2,20926051977,93.403,92.598,167612.76,0.529,91.815,167662.583,8615.48,22405595047,0.712,91.577,147,0,0,20357013,20359411,20360832,,,6.503,,7401162,0.264,0.238,0.234,0.263,34.631,7957985,79.824,0.258,9.769,9.875
/common/idbydna-archives/fastqs/illumina/rnd/190830-2-1-idbd-d100435-d-12-ahmvfmafxy-gagtcatagg-agcgccacac-5d6a8d18/filt/190830-2-1-IDBD-D100435-d-12-AHMVFMAFXY-GAGTCATAGG-AGCGCCACAC-5d6a8d18_S12_R1_001.postAdapt.postQual.fastq.gz,/srv/idbydna-group3/results/idbd_rnd_v2/190830_NB551702_0056_AHMVFMAFXY/fqs/fq_filt/Nextera/190830-2-1-IDBD-D100435-d-12-AHMVFMAFXY-GAGTCATAGG-AGCGCCACAC-5d6a8d18_S12_R1_001.postAdapt.postQual.fastq.gz,8/30/19,190830_nb551702_0056_ahmvfmafxy,190829b02,1:3161.9-2,community standard,idbd-d100435,dna,rnd,filt,enterobacteria phage t7,2.0.0-beta.14,190830-2-1,nb551702,nextseq,illumina,nextseq mid,/uufs/chpc.utah.edu/common/home/idbydna-group3/results/idbd_rnd_v2/190830_NB551702_0056_AHMVFMAFXY/tax,,,,nextera,190830-2-1-idbd-d100435-d-12-ahmvfmafxy-gagtcatagg-agcgccacac-5d6a8d18,d2,agcgccacac,d2,gagtcatagg,190829b02-idbd-d100435-d-12,"undamaged, dry ice| none| 1:100 t7| none",icnone_d,r&d_proddev,.,explifyv2,20926051977,93.403,92.598,167612.76,0.529,91.815,167662.583,8615.48,22405595047,0.712,91.577,147,0,0,20357013,20359411,20360832,,,0.588,,6210351,0.207,0.291,0.294,0.207,34.388,6268043,42.184,0.297,9.748,9.747
/common/idbydna-archives/fastqs/illumina/rnd/190830-2-1-idbd-d100433-d-10-ahmvfmafxy-agtcagacga-tgtcgctggt-5d6a8d18/filt/190830-2-1-IDBD-D100433-d-10-AHMVFMAFXY-AGTCAGACGA-TGTCGCTGGT-5d6a8d18_S10_R1_001.postAdapt.postQual.fastq.gz,/srv/idbydna-group3/results/idbd_rnd_v2/190830_NB551702_0056_AHMVFMAFXY/fqs/fq_filt/Nextera/190830-2-1-IDBD-D100433-d-10-AHMVFMAFXY-AGTCAGACGA-TGTCGCTGGT-5d6a8d18_S10_R1_001.postAdapt.postQual.fastq.gz,8/30/19,190830_nb551702_0056_ahmvfmafxy,190829b02,1:999.9-2,community standard,idbd-d100433,dna,rnd,filt,enterobacteria phage t7,2.0.0-beta.14,190830-2-1,nb551702,nextseq,illumina,nextseq mid,/uufs/chpc.utah.edu/common/home/idbydna-group3/results/idbd_rnd_v2/190830_NB551702_0056_AHMVFMAFXY/tax,,,,nextera,190830-2-1-idbd-d100433-d-10-ahmvfmafxy-agtcagacga-tgtcgctggt-5d6a8d18,b2,tgtcgctggt,b2,agtcagacga,190829b02-idbd-d100433-d-10,"undamaged, dry ice| none| 1:100 t7| none",icnone_d,r&d_proddev,.,explifyv2,20926051977,93.403,92.598,167612.76,0.529,91.815,167662.583,8615.48,22405595047,0.712,91.577,147,0,0,20357013,20359411,20360832,,,0.683,,7407652,0.213,0.285,0.288,0.213,34.509,7491433,45.664,0.291,9.784,9.785