Sample_ID,Sample_Name,Sample_Plate,Sample_Well,i7_index_ID,index,i5_index_ID,index2,Sample_Project,Description
20190813S-C15-1S1-d-02-0007-GGTTGCGAGG-TTGCTCTATT-5d571736,20190813S-C15-1S1-d-02-0007-GGTTGCGAGG-TTGCTCTATT-5d571736,,,B04,GGTTGCGAGG,B04,TTGCTCTATT,Nextera,
20190813S-C17-1S1-d-04-0007-ACCACGACAT-CCGCATACGA-5d571736,20190813S-C17-1S1-d-04-0007-ACCACGACAT-CCGCATACGA-5d571736,,,D04,ACCACGACAT,D04,CCGCATACGA,Nextera,
20190813S-C18-1S1-d-05-0007-GCCGCACTCT-CGAGGTCGGA-5d571736,20190813S-C18-1S1-d-05-0007-GCCGCACTCT-CGAGGTCGGA-5d571736,,,E04,GCCGCACTCT,E04,CGAGGTCGGA,Nextera,
20190813S-C19-1S1-d-06-0007-CCACCAGGCA-ATTCCATAAG-5d571736,20190813S-C19-1S1-d-06-0007-CCACCAGGCA-ATTCCATAAG-5d571736,,,F04,CCACCAGGCA,F04,ATTCCATAAG,Nextera,
20190813S-C21-1S1-d-07-0007-GTGACACGCA-GTCCGTAAGC-5d571736,20190813S-C21-1S1-d-07-0007-GTGACACGCA-GTCCGTAAGC-5d571736,,,G04,GTGACACGCA,G04,GTCCGTAAGC,Nextera,
20190813S-C22-1S1-d-08-0007-ACAGTGTATG-CCGTATGTTC-5d571736,20190813S-C22-1S1-d-08-0007-ACAGTGTATG-CCGTATGTTC-5d571736,,,H04,ACAGTGTATG,H04,CCGTATGTTC,Nextera,
20190813S-C24-1S1-d-09-0007-TGATTATACG-TGTAATCGAC-5d571736,20190813S-C24-1S1-d-09-0007-TGATTATACG-TGTAATCGAC-5d571736,,,A05,TGATTATACG,A05,TGTAATCGAC,Nextera,
20190813S-C25-1S1-d-10-0007-CAGCCGCGTA-CACGGCTAGT-5d571736,20190813S-C25-1S1-d-10-0007-CAGCCGCGTA-CACGGCTAGT-5d571736,,,B05,CAGCCGCGTA,B05,CACGGCTAGT,Nextera,
20190813S-C26-1S1-d-11-0007-GGTAACTCGC-TCACCAACTT-5d571736,20190813S-C26-1S1-d-11-0007-GGTAACTCGC-TCACCAACTT-5d571736,,,C05,GGTAACTCGC,C05,TCACCAACTT,Nextera,
20190813S-C27-1S1-d-12-0007-ACCGGCCGTA-AATATTGCCA-5d571736,20190813S-C27-1S1-d-12-0007-ACCGGCCGTA-AATATTGCCA-5d571736,,,D05,ACCGGCCGTA,D05,AATATTGCCA,Nextera,
20190813S-C15-2-d-14-0007-GTGCAGACAG-ACGGATGGTA-5d571736,20190813S-C15-2-d-14-0007-GTGCAGACAG-ACGGATGGTA-5d571736,,,F05,GTGCAGACAG,F05,ACGGATGGTA,Nextera,
20190813S-C17-2-d-16-0007-TATGTAGTCA-CATTAGTGCG-5d571736,20190813S-C17-2-d-16-0007-TATGTAGTCA-CATTAGTGCG-5d571736,,,H05,TATGTAGTCA,H05,CATTAGTGCG,Nextera,
20190813S-C18-2-d-17-0007-ACTCGGCAAT-TTCAGTTGTC-5d571736,20190813S-C18-2-d-17-0007-ACTCGGCAAT-TTCAGTTGTC-5d571736,,,A06,ACTCGGCAAT,A06,TTCAGTTGTC,Nextera,
20190813S-C19-2-d-18-0007-GTCTAATGGC-CCTGACCACT-5d571736,20190813S-C19-2-d-18-0007-GTCTAATGGC-CCTGACCACT-5d571736,,,B06,GTCTAATGGC,B06,CCTGACCACT,Nextera,
20190813S-C21-2-d-19-0007-CCATCTCGCC-AACCATAGAA-5d571736,20190813S-C21-2-d-19-0007-CCATCTCGCC-AACCATAGAA-5d571736,,,C06,CCATCTCGCC,C06,AACCATAGAA,Nextera,
20190813S-C22-2-d-20-0007-CTGCGAGCCA-TGGCCGGATT-5d571736,20190813S-C22-2-d-20-0007-CTGCGAGCCA-TGGCCGGATT-5d571736,,,D06,CTGCGAGCCA,D06,TGGCCGGATT,Nextera,
20190813S-C24-2-d-21-0007-CGTTATTCTA-AACCTTATGG-5d571736,20190813S-C24-2-d-21-0007-CGTTATTCTA-AACCTTATGG-5d571736,,,E06,CGTTATTCTA,E06,AACCTTATGG,Nextera,
20190813S-C25-2-d-22-0007-AGATCCATTA-TGGTAGAGAT-5d571736,20190813S-C25-2-d-22-0007-AGATCCATTA-TGGTAGAGAT-5d571736,,,F06,AGATCCATTA,F06,TGGTAGAGAT,Nextera,
20190813S-C26-2-d-23-0007-GTCCTGGATA-TTCGCCACCG-5d571736,20190813S-C26-2-d-23-0007-GTCCTGGATA-TTCGCCACCG-5d571736,,,G06,GTCCTGGATA,G06,TTCGCCACCG,Nextera,
20190813S-C27-2-d-24-0007-CAGTGGCACT-CCTATTGTTA-5d571736,20190813S-C27-2-d-24-0007-CAGTGGCACT-CCTATTGTTA-5d571736,,,H06,CAGTGGCACT,H06,CCTATTGTTA,Nextera,
20190813S-C15-3-d-26-0007-GACACCATGT-TACACGTTGA-5d571736,20190813S-C15-3-d-26-0007-GACACCATGT-TACACGTTGA-5d571736,,,B07,GACACCATGT,B07,TACACGTTGA,Nextera,
20190813S-C17-3-d-28-0007-TGATGTAAGA-AAGGACGCAC-5d571736,20190813S-C17-3-d-28-0007-TGATGTAAGA-AAGGACGCAC-5d571736,,,D07,TGATGTAAGA,D07,AAGGACGCAC,Nextera,
20190813S-C18-3-d-29-0007-GGAATTGTAA-AGGATGTGCT-5d571736,20190813S-C18-3-d-29-0007-GGAATTGTAA-AGGATGTGCT-5d571736,,,E07,GGAATTGTAA,E07,AGGATGTGCT,Nextera,
20190813S-C19-3-d-30-0007-GCATAAGCTT-TGCGACGGAA-5d571736,20190813S-C19-3-d-30-0007-GCATAAGCTT-TGCGACGGAA-5d571736,,,F07,GCATAAGCTT,F07,TGCGACGGAA,Nextera,
20190813S-C21-3-d-31-0007-CTGAGGAATA-AGTGGTTAAG-5d571736,20190813S-C21-3-d-31-0007-CTGAGGAATA-AGTGGTTAAG-5d571736,,,G07,CTGAGGAATA,G07,AGTGGTTAAG,Nextera,
20190813S-C22-3-d-32-0007-AACGCACGAG-TATCCGAGGC-5d571736,20190813S-C22-3-d-32-0007-AACGCACGAG-TATCCGAGGC-5d571736,,,H07,AACGCACGAG,H07,TATCCGAGGC,Nextera,
20190813S-C24-3-d-33-0007-CCATCATTAG-AGAGGCAACC-5d571736,20190813S-C24-3-d-33-0007-CCATCATTAG-AGAGGCAACC-5d571736,,,C03,CCATCATTAG,C03,AGAGGCAACC,Nextera,
20190813S-C25-3-d-34-0007-GATAGGCCGA-GCCATGTGCG-5d571736,20190813S-C25-3-d-34-0007-GATAGGCCGA-GCCATGTGCG-5d571736,,,D03,GATAGGCCGA,D03,GCCATGTGCG,Nextera,
20190813S-C26-3-d-35-0007-ATGGTTGACT-AGGACAGGCC-5d571736,20190813S-C26-3-d-35-0007-ATGGTTGACT-AGGACAGGCC-5d571736,,,E03,ATGGTTGACT,E03,AGGACAGGCC,Nextera,
20190813S-C27-3-d-36-0007-TATTGCGCTC-CCTAACACAG-5d571736,20190813S-C27-3-d-36-0007-TATTGCGCTC-CCTAACACAG-5d571736,,,F03,TATTGCGCTC,F03,CCTAACACAG,Nextera,
20190820SEQ-C14-2S1-d-01-0009-TCTATCCTAA-CCAGTCGACG-5d5f0f90,20190820SEQ-C14-2S1-d-01-0009-TCTATCCTAA-CCAGTCGACG-5d5f0f90,,,A08,TCTATCCTAA,A08,CCAGTCGACG,Nextera,
20190820SEQ-C15-2S1-d-02-0009-CTCGCTTCGG-TTGACTAGTA-5d5f0f90,20190820SEQ-C15-2S1-d-02-0009-CTCGCTTCGG-TTGACTAGTA-5d5f0f90,,,B08,CTCGCTTCGG,B08,TTGACTAGTA,Nextera,
20190820SEQ-C16-2S1-d-03-0009-CTGTTGGTCC-AACGGTCTAT-5d5f0f90,20190820SEQ-C16-2S1-d-03-0009-CTGTTGGTCC-AACGGTCTAT-5d5f0f90,,,C08,CTGTTGGTCC,C08,AACGGTCTAT,Nextera,
20190820SEQ-C17-2S1-d-04-0009-TTACCTGGAA-CTGGAACTGT-5d5f0f90,20190820SEQ-C17-2S1-d-04-0009-TTACCTGGAA-CTGGAACTGT-5d5f0f90,,,D08,TTACCTGGAA,D08,CTGGAACTGT,Nextera,
20190820SEQ-C18-2S1-d-05-0009-TGGCTAATCA-CTACATGCCT-5d5f0f90,20190820SEQ-C18-2S1-d-05-0009-TGGCTAATCA-CTACATGCCT-5d5f0f90,,,E08,TGGCTAATCA,E08,CTACATGCCT,Nextera,
20190820SEQ-C19-2S1-d-06-0009-AACACTGTTA-TGAGACTTGC-5d5f0f90,20190820SEQ-C19-2S1-d-06-0009-AACACTGTTA-TGAGACTTGC-5d5f0f90,,,F08,AACACTGTTA,F08,TGAGACTTGC,Nextera,
20190820SEQ-C21-2S1-d-07-0009-ATTGCGCGGT-GCGGAGCCAA-5d5f0f90,20190820SEQ-C21-2S1-d-07-0009-ATTGCGCGGT-GCGGAGCCAA-5d5f0f90,,,G08,ATTGCGCGGT,G08,GCGGAGCCAA,Nextera,
20190820SEQ-C22-2S1-d-08-0009-TGGCGCGAAC-AGTATCAGTT-5d5f0f90,20190820SEQ-C22-2S1-d-08-0009-TGGCGCGAAC-AGTATCAGTT-5d5f0f90,,,H08,TGGCGCGAAC,H08,AGTATCAGTT,Nextera,
20190820SEQ-C24-2S1-d-09-0009-TAATGTGTCT-TATGCCTTAC-5d5f0f90,20190820SEQ-C24-2S1-d-09-0009-TAATGTGTCT-TATGCCTTAC-5d5f0f90,,,A09,TAATGTGTCT,A09,TATGCCTTAC,Nextera,
20190820SEQ-C25-2S1-d-10-0009-ATACCAACGC-CGCAGCAATT-5d5f0f90,20190820SEQ-C25-2S1-d-10-0009-ATACCAACGC-CGCAGCAATT-5d5f0f90,,,B09,ATACCAACGC,B09,CGCAGCAATT,Nextera,
20190820SEQ-C26-2S1-d-11-0009-AGGATGTGCT-GGAATTGTAA-5d5f0f90,20190820SEQ-C26-2S1-d-11-0009-AGGATGTGCT-GGAATTGTAA-5d5f0f90,,,C09,AGGATGTGCT,C09,GGAATTGTAA,Nextera,
20190820SEQ-C27-2S1-d-12-0009-CACGGAACAA-GTGCTAGGTT-5d5f0f90,20190820SEQ-C27-2S1-d-12-0009-CACGGAACAA-GTGCTAGGTT-5d5f0f90,,,D09,CACGGAACAA,D09,GTGCTAGGTT,Nextera,
20190822SEQ-C16-3S2-d-02-0010-AGTCAGACGA-TGTCGCTGGT-5d616a80,20190822SEQ-C16-3S2-d-02-0010-AGTCAGACGA-TGTCGCTGGT-5d616a80,,,B02,AGTCAGACGA,B02,TGTCGCTGGT,Nextera,
20190822SEQ-C17-3S2-d-03-0010-CCGTATGTTC-ACAGTGTATG-5d616a80,20190822SEQ-C17-3S2-d-03-0010-CCGTATGTTC-ACAGTGTATG-5d616a80,,,C02,CCGTATGTTC,C02,ACAGTGTATG,Nextera,
20190822SEQ-C18-3S2-d-04-0010-GAGTCATAGG-AGCGCCACAC-5d616a80,20190822SEQ-C18-3S2-d-04-0010-GAGTCATAGG-AGCGCCACAC-5d616a80,,,D02,GAGTCATAGG,D02,AGCGCCACAC,Nextera,
20190822SEQ-C21-3S2-d-05-0010-CTTGCCATTA-CCTTCGTGAT-5d616a80,20190822SEQ-C21-3S2-d-05-0010-CTTGCCATTA-CCTTCGTGAT-5d616a80,,,E02,CTTGCCATTA,E02,CCTTCGTGAT,Nextera,
20190822SEQ-C22-3S2-d-06-0010-GAAGCGGCAC-AGTAGAGCCG-5d616a80,20190822SEQ-C22-3S2-d-06-0010-GAAGCGGCAC-AGTAGAGCCG-5d616a80,,,F02,GAAGCGGCAC,F02,AGTAGAGCCG,Nextera,
20190822SEQ-C24-3S2-d-07-0010-TCCATTGCCG-TCGTGCATTC-5d616a80,20190822SEQ-C24-3S2-d-07-0010-TCCATTGCCG-TCGTGCATTC-5d616a80,,,G02,TCCATTGCCG,G02,TCGTGCATTC,Nextera,
20190822SEQ-C25-3S2-d-08-0010-CGGTTACGGC-CTATAGTCTT-5d616a80,20190822SEQ-C25-3S2-d-08-0010-CGGTTACGGC-CTATAGTCTT-5d616a80,,,H02,CGGTTACGGC,H02,CTATAGTCTT,Nextera,
20190822SEQ-C26-3S2-d-09-0010-GAGAATGGTT-TTGCTGCCGA-5d616a80,20190822SEQ-C26-3S2-d-09-0010-GAGAATGGTT-TTGCTGCCGA-5d616a80,,,A03,GAGAATGGTT,A03,TTGCTGCCGA,Nextera,
20190822SEQ-C27-3S2-d-10-0010-AGAGGCAACC-CCATCATTAG-5d616a80,20190822SEQ-C27-3S2-d-10-0010-AGAGGCAACC-CCATCATTAG-5d616a80,,,B03,AGAGGCAACC,B03,CCATCATTAG,Nextera,
20190823SEQ-C16-S3-d-02-0011-AGGTCAGATA-TATCTTGTAG-5d629be3,20190823SEQ-C16-S3-d-02-0011-AGGTCAGATA-TATCTTGTAG-5d629be3,,,B01,AGGTCAGATA,B01,TATCTTGTAG,Nextera,
20190823SEQ-C17-S3-d-03-0011-CGTCTCATAT-AGCTACTATA-5d629be3,20190823SEQ-C17-S3-d-03-0011-CGTCTCATAT-AGCTACTATA-5d629be3,,,C01,CGTCTCATAT,C01,AGCTACTATA,Nextera,
20190823SEQ-C18-S3-d-04-0011-ATTCCATAAG-CCACCAGGCA-5d629be3,20190823SEQ-C18-S3-d-04-0011-ATTCCATAAG-CCACCAGGCA-5d629be3,,,D01,ATTCCATAAG,D01,CCACCAGGCA,Nextera,
20190823SEQ-C21-S3-d-05-0011-GACGAGATTA-AGGATAATGT-5d629be3,20190823SEQ-C21-S3-d-05-0011-GACGAGATTA-AGGATAATGT-5d629be3,,,E01,GACGAGATTA,E01,AGGATAATGT,Nextera,
20190823SEQ-C22-S3-d-06-0011-AACATCGCGC-ACAAGTGGAC-5d629be3,20190823SEQ-C22-S3-d-06-0011-AACATCGCGC-ACAAGTGGAC-5d629be3,,,F01,AACATCGCGC,F01,ACAAGTGGAC,Nextera,
20190823SEQ-C24-S3-d-07-0011-CTAGTGCTCT-TACTGTTCCA-5d629be3,20190823SEQ-C24-S3-d-07-0011-CTAGTGCTCT-TACTGTTCCA-5d629be3,,,G01,CTAGTGCTCT,G01,TACTGTTCCA,Nextera,
20190823SEQ-C25-S3-d-08-0011-GATCAAGGCA-ATTAACAAGG-5d629be3,20190823SEQ-C25-S3-d-08-0011-GATCAAGGCA-ATTAACAAGG-5d629be3,,,H01,GATCAAGGCA,H01,ATTAACAAGG,Nextera,
20190823SEQ-C26-S3-d-09-0011-GACTGAGTAG-CACTATCAAC-5d629be3,20190823SEQ-C26-S3-d-09-0011-GACTGAGTAG-CACTATCAAC-5d629be3,,,A02,GACTGAGTAG,A02,CACTATCAAC,Nextera,
20190823SEQ-C27-S3-d-10-0011-AGTCAGACGA-TGTCGCTGGT-5d629be3,20190823SEQ-C27-S3-d-10-0011-AGTCAGACGA-TGTCGCTGGT-5d629be3,,,B02,AGTCAGACGA,B02,TGTCGCTGGT,Nextera,
20190824SEQ-C16-S4-d-02-0012-AGAGGCAACC-CCATCATTAG-5d63fabe,20190824SEQ-C16-S4-d-02-0012-AGAGGCAACC-CCATCATTAG-5d63fabe,,,B03,AGAGGCAACC,B03,CCATCATTAG,Nextera,
20190824SEQ-C17-S4-d-03-0012-CCATCATTAG-AGAGGCAACC-5d63fabe,20190824SEQ-C17-S4-d-03-0012-CCATCATTAG-AGAGGCAACC-5d63fabe,,,C03,CCATCATTAG,C03,AGAGGCAACC,Nextera,
20190824SEQ-C18-S4-d-04-0012-GATAGGCCGA-GCCATGTGCG-5d63fabe,20190824SEQ-C18-S4-d-04-0012-GATAGGCCGA-GCCATGTGCG-5d63fabe,,,D03,GATAGGCCGA,D03,GCCATGTGCG,Nextera,
20190824SEQ-C21-S4-d-05-0012-ATGGTTGACT-AGGACAGGCC-5d63fabe,20190824SEQ-C21-S4-d-05-0012-ATGGTTGACT-AGGACAGGCC-5d63fabe,,,E03,ATGGTTGACT,E03,AGGACAGGCC,Nextera,
20190824SEQ-C22-S4-d-06-0012-TATTGCGCTC-CCTAACACAG-5d63fabe,20190824SEQ-C22-S4-d-06-0012-TATTGCGCTC-CCTAACACAG-5d63fabe,,,F03,TATTGCGCTC,F03,CCTAACACAG,Nextera,
20190824SEQ-C24-S4-d-07-0012-ACGCCTTGTT-ACGTTCCTTA-5d63fabe,20190824SEQ-C24-S4-d-07-0012-ACGCCTTGTT-ACGTTCCTTA-5d63fabe,,,G03,ACGCCTTGTT,G03,ACGTTCCTTA,Nextera,
20190824SEQ-C25-S4-d-08-0012-TTCTACATAC-TTACAGTTAG-5d63fabe,20190824SEQ-C25-S4-d-08-0012-TTCTACATAC-TTACAGTTAG-5d63fabe,,,H03,TTCTACATAC,H03,TTACAGTTAG,Nextera,
20190824SEQ-C26-S4-d-09-0012-CTTGCCATTA-CCTTCGTGAT-5d63fabe,20190824SEQ-C26-S4-d-09-0012-CTTGCCATTA-CCTTCGTGAT-5d63fabe,,,E02,CTTGCCATTA,E02,CCTTCGTGAT,Nextera,
20190824SEQ-C27-S4-d-10-0012-GAAGCGGCAC-AGTAGAGCCG-5d63fabe,20190824SEQ-C27-S4-d-10-0012-GAAGCGGCAC-AGTAGAGCCG-5d63fabe,,,F02,GAAGCGGCAC,F02,AGTAGAGCCG,Nextera,