Sample Name,Accession,Seq Sple,Dilution Factor
mcs ii d1,idbd-d100521,190917-1-1-idbd-d100521-d-02-ahtcm2afxy-aggtcagata-tatcttgtag-5d827495,1
mcs ii d6 - 2,idbd-d100536,190917-1-1-idbd-d100536-d-17-ahtcm2afxy-ttggaattcc-gtattgacgt-5d827495,6
mcs ii d5 - 2,idbd-d100535,190917-1-1-idbd-d100535-d-16-ahtcm2afxy-cggttacggc-ctatagtctt-5d827495,5
mcs ii d2 - 2,idbd-d100532,190917-1-1-idbd-d100532-d-13-ahtcm2afxy-cttgccatta-ccttcgtgat-5d827495,2
mcs ii d4 - 2,idbd-d100534,190917-1-1-idbd-d100534-d-15-ahtcm2afxy-tccattgccg-tcgtgcattc-5d827495,4
mcs ii d3 - 2,idbd-d100533,190917-1-1-idbd-d100533-d-14-ahtcm2afxy-gaagcggcac-agtagagccg-5d827495,3
mcs ii d7,idbd-d100527,190917-1-1-idbd-d100527-d-08-ahtcm2afxy-gatcaaggca-attaacaagg-5d827495,7
mcs ii d8 - 2,idbd-d100538,190917-1-1-idbd-d100538-d-19-ahtcm2afxy-ggagcgtgta-acttacggat-5d827495,8
mcs ii d7 - 2,idbd-d100537,190917-1-1-idbd-d100537-d-18-ahtcm2afxy-cctctacatg-aggaggtatc-5d827495,7
mcs ii no dilution,idbd-d100520,190917-1-1-idbd-d100520-d-01-ahtcm2afxy-gaactgagcg-cgctccacga-5d827495,0
mcs ii d6,idbd-d100526,190917-1-1-idbd-d100526-d-07-ahtcm2afxy-ctagtgctct-tactgttcca-5d827495,6
mcs ii d4,idbd-d100524,190917-1-1-idbd-d100524-d-05-ahtcm2afxy-gacgagatta-aggataatgt-5d827495,4
mcs ii d3,idbd-d100523,190917-1-1-idbd-d100523-d-04-ahtcm2afxy-attccataag-ccaccaggca-5d827495,3
mcs ii d5,idbd-d100525,190917-1-1-idbd-d100525-d-06-ahtcm2afxy-aacatcgcgc-acaagtggac-5d827495,5
mcs ii d2,idbd-d100522,190917-1-1-idbd-d100522-d-03-ahtcm2afxy-cgtctcatat-agctactata-5d827495,2
mcs ii no dilution - 2,idbd-d100530,190917-1-1-idbd-d100530-d-11-ahtcm2afxy-ccgtatgttc-acagtgtatg-5d827495,0
mcs ii d1 - 2,idbd-d100531,190917-1-1-idbd-d100531-d-12-ahtcm2afxy-gagtcatagg-agcgccacac-5d827495,1
mcs ii d9,idbd-d100529,190917-1-1-idbd-d100529-d-10-ahtcm2afxy-agtcagacga-tgtcgctggt-5d827495,9
mcs ii d8,idbd-d100528,190917-1-1-idbd-d100528-d-09-ahtcm2afxy-gactgagtag-cactatcaac-5d827495,8
mcs ii d9 - 2,idbd-d100539,190917-1-1-idbd-d100539-d-20-ahtcm2afxy-acggtcagga-aacgaggccg-5d827495,9