Accession,Seq Sple,Dilution Factor
mcs2 1,20190917seq-mcs2-1-d-35-0014-ggtaactcgc-tcaccaactt-5d851e6a,0
mcs2 2,20190917seq-mcs2-2-d-36-0014-accggccgta-aatattgcca-5d851e6a,0
mcs2 3,20190917seq-mcs2-3-d-37-0014-tgtaatcgac-cgcggtgatc-5d851e6a,0
mcs2 dilution 1-1,20190917seq-mcs2-dilution-1-1-d-38-0014-gtgcagacag-acggatggta-5d851e6a,1
mcs2 dilution 1-2,20190917seq-mcs2-dilution-1-2-d-39-0014-caatcggctg-ttcctacagc-5d851e6a,1
mcs2 dilution 1-3,20190917seq-mcs2-dilution-1-3-d-40-0014-tatgtagtca-cattagtgcg-5d851e6a,1
mcs2 dilution 10-1,20190917seq-mcs2-dilution-10-1-d-65-0014-taatgtgtct-tatgccttac-5d851e6a,10
mcs2 dilution 10-2,20190917seq-mcs2-dilution-10-2-d-66-0014-ataccaacgc-cgcagcaatt-5d851e6a,10
mcs2 dilution 10-3,20190917seq-mcs2-dilution-10-3-d-67-0014-aggatgtgct-ggaattgtaa-5d851e6a,10
mcs2 dilution 2-1,20190917seq-mcs2-dilution-2-1-d-41-0014-actcggcaat-ttcagttgtc-5d851e6a,2
mcs2 dilution 2-2,20190917seq-mcs2-dilution-2-2-d-42-0014-gtctaatggc-cctgaccact-5d851e6a,2
mcs2 dilution 2-3,20190917seq-mcs2-dilution-2-3-d-43-0014-ccatctcgcc-aaccatagaa-5d851e6a,2
mcs2 dilution 3-1,20190917seq-mcs2-dilution-3-1-d-44-0014-ctgcgagcca-tggccggatt-5d851e6a,3
mcs2 dilution 3-2,20190917seq-mcs2-dilution-3-2-d-45-0014-cgttattcta-aaccttatgg-5d851e6a,3
mcs2 dilution 3-3,20190917seq-mcs2-dilution-3-3-d-46-0014-agatccatta-tggtagagat-5d851e6a,3
mcs2 dilution 4-1,20190917seq-mcs2-dilution-4-1-d-47-0014-gtcctggata-ttcgccaccg-5d851e6a,4
mcs2 dilution 4-2,20190917seq-mcs2-dilution-4-2-d-48-0014-cagtggcact-cctattgtta-5d851e6a,4
mcs2 dilution 4-3,20190917seq-mcs2-dilution-4-3-d-49-0014-agtgttgcac-cgtgtaccag-5d851e6a,4
mcs2 dilution 5-1,20190917seq-mcs2-dilution-5-1-d-50-0014-gacaccatgt-tacacgttga-5d851e6a,5
mcs2 dilution 5-2,20190917seq-mcs2-dilution-5-2-d-51-0014-cctgtctgtc-tcacaacagt-5d851e6a,5
mcs2 dilution 5-3,20190917seq-mcs2-dilution-5-3-d-52-0014-tgatgtaaga-aaggacgcac-5d851e6a,5
mcs2 dilution 6-1,20190917seq-mcs2-dilution-6-1-d-53-0014-ggaattgtaa-aggatgtgct-5d851e6a,6
mcs2 dilution 6-2,20190917seq-mcs2-dilution-6-2-d-54-0014-gcataagctt-tgcgacggaa-5d851e6a,6
mcs2 dilution 6-3,20190917seq-mcs2-dilution-6-3-d-55-0014-ctgaggaata-agtggttaag-5d851e6a,6
mcs2 dilution 7-1,20190917seq-mcs2-dilution-7-1-d-56-0014-aacgcacgag-tatccgaggc-5d851e6a,7
mcs2 dilution 7-2,20190917seq-mcs2-dilution-7-2-d-57-0014-tctatcctaa-ccagtcgacg-5d851e6a,7
mcs2 dilution 7-3,20190917seq-mcs2-dilution-7-3-d-58-0014-ctcgcttcgg-ttgactagta-5d851e6a,7
mcs2 dilution 8-1,20190917seq-mcs2-dilution-8-1-d-59-0014-ctgttggtcc-aacggtctat-5d851e6a,8
mcs2 dilution 8-2,20190917seq-mcs2-dilution-8-2-d-60-0014-ttacctggaa-ctggaactgt-5d851e6a,8
mcs2 dilution 8-3,20190917seq-mcs2-dilution-8-3-d-61-0014-tggctaatca-ctacatgcct-5d851e6a,8
mcs2 dilution 9-1,20190917seq-mcs2-dilution-9-1-d-62-0014-aacactgtta-tgagacttgc-5d851e6a,9
mcs2 dilution 9-2,20190917seq-mcs2-dilution-9-2-d-63-0014-attgcgcggt-gcggagccaa-5d851e6a,9
mcs2 dilution 9-3,20190917seq-mcs2-dilution-9-3-d-64-0014-tggcgcgaac-agtatcagtt-5d851e6a,9